Run ID (RUN_Barcode), Patient ID,Sample ID,CN Value,PCR Cycles,Demuxed reads,Filtered reads,Genome coverage p.c.,Pangolineage,Haplotype group,Haplotype group simplified,mean VAF,Num. variants,Passed variants (these exclude alleles with <90% frequency),Hôpital,Age (decade),Symptomatic at initial test,Symptomatic progression,Fever,Cough,Fatigue,Headache,Myalgia,Nausea/vomiting/diarrhea,Dyspnea,Confusion,Other symptom,Hospitalization,Reason for hospitalization,Breathing assistance,O2,Optiflow,Intubation,Co-morbidity,Charlson comorbidity index,Deceased
VERD9_BC1,167,AA1,6.03,25,538222,522839,99.6,B.1,III,III,0.99,6,"241T,3037T,14408T,15324T,23403G,25433T,",Verdun,50,Yes,,Yes,Yes,No,Yes,Yes,No,No,No,mal_de_gorge;frissons,No,,No,No,No,No,No,,No
VERD2_BC1,54,AA2,15.42,25,1335873,1276189,98.62,B.1,III,III,0.99,6,"241T,3037T,14408T,15324T,23403G,25433T,",Verdun,60,Yes,,Yes,Yes,No,No,Yes,No,No,No,mal_de_gorge,No,,No,No,No,No,No,,No
VERD2_BC2,16,AA3,12.48,25,2619162,2538259,99.6,B.1,III,III,0.99,6,"241T,3037T,14408T,15324T,23403G,25433T,",Verdun,50,Yes,,Yes,Yes,No,Yes,No,No,No,No,mal_de_gorge; dysgueusie,No,,No,No,No,No,No,,No
VERD8_BC1,99,AA4,4.83,25,264704,256741,99.6,B.1,III,III,0.99,6,"241T,3037T,14408T,15324T,23403G,25433T,",Verdun,30,Yes,,Yes,Yes,Yes,Yes,No,No,No,No,frissons;congestion;faiblesse,No,,No,No,No,No,No,,No
VERD13_BC9,128,AA5,25.86,35,179058,75814,22.57,,I,I,0.99,3,"8299C,14829T,26514A,",Verdun,20,Yes,,Yes,Yes,Yes,Yes,Yes,No,No,No,frissons,No,,No,No,No,No,No,,No
VERD2_BC3,223,AA6,7.48,25,1401545,1359658,97.82,B.1,III,III,0.99,6,"241T,3037T,14408T,15324T,23403G,25433T,",Verdun,20,Yes,,No,Yes,No,Yes,No,No,No,No,mal_de_gorge;faiblesse,No,,No,No,No,No,No,,No
VERD1_BC17,108,AA7,14.86,25,208607,191294,94.99,B.1,III,III,0.92,6,"241T,3037T,14408T,23403G,",Verdun,40,Yes,,No,Yes,No,No,No,No,No,No,congestion,No,,No,No,No,No,No,,No
VERD2_BC4,156,AA8,10,25,1668376,1624568,98.62,B.1,III,III,0.99,6,"241T,3037T,14408T,15324T,23403G,25433T,",Notre-Dame,40,Yes,,Yes,Yes,Yes,Yes,No,No,No,No,frissons,No,,No,No,No,No,No,,No
VERD2_BC5,212,AA9,6.38,25,2025362,1958609,98.62,B.1,II,II,0.99,7,"241T,1059T,3037T,14408T,23403G,25563T,28606T,",Notre-Dame,40,Yes,,No,Yes,Yes,No,Yes,No,Yes,No,frissons,No,,No,No,No,No,No,,No
VERD2_BC6,9,AB1,8.66,25,1749871,1701492,98.62,B.1,III,III,0.99,6,"241T,3037T,14408T,15324T,23403G,25433T,",Verdun,70,Yes,,Yes,No,No,No,No,No,No,No,insuffisance_respiratoire,Yes,Other,Yes,No,No,Yes,Yes,3,Yes
VERD2_BC7,58,AB2,6.97,25,1788961,1743171,98.62,B.1,III,III,0.99,6,"241T,3037T,14408T,15324T,23403G,25433T,",Verdun,30,Yes,,No,No,No,Yes,Yes,No,No,No,rhinorrhée;éternuement,No,,No,No,No,No,No,,No
VERD2_BC8,29,AB3,7.53,25,1969193,1911800,98.62,B.1,III,III,0.99,7,"241T,3037T,14408T,15324T,21871T,23403G,25433T,",Verdun,80,No,Yes,Yes,No,No,No,No,No,No,No,No,Yes,Other,No,No,No,No,Yes,2,No
VERD2_BC9,120,AB4,19.52,25,229779,203787,92.46,B,?,OTHER,0.81,13,"241T,3037T,14408T,15150GT,15324T,16234T,23403G,28883T,",Verdun,70,No,Yes,No,No,No,No,No,Yes,Yes,Yes,No,Yes,Other,No,No,No,No,Yes,6,Yes
VERD1_BC13,13,AB5,0,25,109151,103517,97.82,B.1,III,III,0.95,6,"241T,3037T,14408T,15324T,23403G,",Verdun,70,No,Yes,Yes,Yes,No,No,No,No,No,No,No,Yes,Other,No,No,No,No,No,,No
VERD2_BC10,19,AB6,19.03,25,240403,204734,91.1,B.1,III,III,0.83,8,"241T,3037T,14408T,15324T,23403G,",Verdun,60,Yes,,Yes,Yes,Yes,Yes,No,No,No,Yes,faiblesse,Yes,Covid-19,Yes,Yes,No,No,Yes,2,Yes
VERD2_BC11,43,AB7,10.34,25,732912,715522,97.82,B.1,III,III,0.99,6,"241T,3037T,14408T,15324T,23403G,25433T,",Verdun,50,Yes,,No,Yes,No,No,No,No,No,No,mal_de_gorge,No,,No,No,No,No,No,0,No
VERD9_BC16,2,AB8,22.75,35,383467,118159,6.92,,I,I,0.69,2,"7805T,",Verdun,50,No,Yes,Yes,Yes,Yes,No,No,Yes,Yes,Yes,No,Yes,Other,No,No,No,No,No,,Yes
VERD4_BC2,193,AB9,14.2,25,226341,207665,95.06,B.1,II,II,0.98,8,"241T,1059T,3037T,11916T,14408T,21641T,23403G,25563T,",Verdun,50,Yes,,Yes,Yes,Yes,No,Yes,No,Yes,No,mal_de_gorge;rhinorrhée;inappétence,Yes,Covid-19,No,No,No,No,No,,No
VERD2_BC12,1,AC1,6.4,25,457000,446622,97.82,B.1,III,III,0.99,6,"241T,3037T,14408T,15324T,23403G,25433T,",Verdun,50,Yes,,Yes,No,No,Yes,No,No,Yes,No,mal_de_gorge,No,,No,No,No,No,No,,No
VERD2_BC13,91,AC2,19.62,25,125767,114010,87.88,B.1,IX,IX,0.87,10,"241T,844T,906CT,3037T,14408T,15324T,23403G,",Verdun,50,Yes,,No,Yes,No,No,Yes,No,No,No,No,No,,No,No,No,No,No,,No
VERD2_BC14,112,AC3,9.05,25,383635,374387,97.82,B.1,III,III,0.99,7,"241T,3037T,10747T,14408T,15324T,23403G,25433T,",Verdun,60,No,Yes,Yes,Yes,No,No,No,No,No,No,No,Yes,Other,Yes,Yes,No,No,No,,No
VERD4_BC3,7,AC4,7.38,25,134013,129940,99.6,B.1,III,III,0.95,9,"241T,3037T,14408T,15324T,19255T,19255T,23403G,25433T,",Verdun,50,Yes,,No,Yes,No,No,No,No,No,No,No,No,,No,No,No,No,Yes,2,No
VERD2_BC15,4,AC5,16.35,25,97379,92374,89.85,B.1,III,III,0.97,6,"241T,3037T,14408T,15324T,23403G,25433T,",Verdun,80,No,Yes,Yes,Yes,No,No,No,No,No,Yes,No,Yes,Other,Yes,No,No,No,Yes,2,Yes
VERD2_BC16,208,AC6,9.51,25,159950,152875,96.09,B.1,III,III,0.98,6,"241T,3037T,14408T,15324T,23403G,25433T,",Notre-Dame,80,Yes,,No,Yes,No,No,No,No,No,Yes,No,Yes,Covid-19,Yes,Yes,No,No,Yes,2,Yes
VERD2_BC17,95,AC7,6.82,25,86167,84238,97.82,B.1.147,III,III,0.99,7,"241T,3037T,14408T,15324T,23403G,25433T,27926G,",Verdun,50,Yes,,Yes,Yes,No,No,No,Yes,No,No,faiblesse;diarrhée,Yes,Covid-19,Yes,No,Yes,No,Yes,2,No
VERD2_BC18,39,AC8,18.11,25,89295,82999,87.93,B.1,III,III,0.96,6,"241T,3037T,14408T,15324T,23403G,",Verdun,40,Yes,,No,Yes,Yes,Yes,No,No,Yes,No,mal_de_gorge;diaphorèse_la_nuit;frissons,No,,No,No,No,No,No,0,No
VERD8_BC2,34,AC9,0,25,367997,359324,99.6,B.1,III,III,0.99,6,"241T,3037T,14408T,15324T,23403G,25433T,",Verdun,40,Yes,,No,Yes,No,No,No,No,No,No,mal_de_gorge;sueurs_froides,No,,No,No,No,No,No,0,No
,96,AD1,25.05,,,,,,,,,,,Verdun,50,Yes,,Yes,Yes,No,No,No,No,No,No,No,No,,No,No,No,No,No,,No
VERD2_BC19,47,AD2,12.24,25,102208,99395,94.88,B.1,II,II,0.99,8,"241T,514T,1059T,3037T,14408T,18457T,23403G,25563T,",Verdun,50,Yes,,No,No,No,No,No,Yes,No,No,mal_de_gorge;frissons,No,,No,No,No,No,No,,No
VERD2_BC20,214,AD3,13.93,25,102232,99258,93.27,B.1.147,III,III,0.99,8,"241T,1392T,3037T,14408T,15324T,23121T,23403G,25433T,",Notre-Dame,30,Yes,,No,Yes,No,No,Yes,No,Yes,No,mal_de_gorge;faiblesse;étourdissment,No,,No,No,No,No,No,,No
VERD2_BC21,170,AD4,17.68,25,62420,58446,86.94,B.1,II,II,0.97,8,"241T,1059T,2518A,3037T,14408T,23403G,25411C,25563T,",Notre-Dame,70,Yes,,No,No,No,No,No,No,No,Yes,No,Yes,Covid-19,Yes,Yes,No,No,Yes,4,Yes
VERD2_BC22,217,AD5,10.31,25,124884,121857,96.83,B.1.147,III,III,0.99,7,"241T,3037T,14408T,15324T,23403G,25433T,28887T,",Verdun,70,Yes,,No,Yes,Yes,No,No,No,Yes,Yes,No,Yes,Covid-19,Yes,Yes,No,No,No,,No
VERD8_BC3,21,AD6,0,25,367997,359324,99.6,B.1,III,III,0.99,6,"241T,3037T,14408T,15324T,23403G,25433T,",Verdun,90,No,Yes,Yes,No,No,No,No,No,No,Yes,délirium,Yes,Other,No,No,No,No,No,,Yes
VERD8_BC4,104,AD7,5.4,25,184008,179426,99.6,B.1,II,II,0.99,13,"241T,1059T,1150T,1223T,3037T,4886T,14408T,14829T,23403G,24782G,25563T,27561T,27964T,",Verdun,50,Yes,,Yes,Yes,Yes,Yes,Yes,No,Yes,No,mal_de_gorge;frissons;rhinorrhée,No,,No,No,No,No,No,,No
VERD2_BC23,102,AD8,19.96,25,96480,88000,87.11,B.1,III,III,0.96,6,"241T,3037T,14408T,15324T,23403G,",Verdun,60,Yes,,Yes,Yes,No,No,No,No,Yes,No,inappétence,Yes,Covid-19,No,No,No,No,Yes,2,No
,73,AD9,29.23,,,,,,,,,,,Verdun,40,Yes,,No,No,No,Yes,No,No,No,No,mal_de_gorge,No,,No,No,No,No,No,,No
VERD9_BC17,6,AE1,23.76,35,413538,288673,87.11,B.1,III,III,0.84,7,"241T,3037T,14408T,23403G,25433T,",Verdun,70,Yes,,No,No,No,No,No,Yes,No,No,inappétence,Yes,Other,No,No,No,No,Yes,3,No
VERD9_BC2,135,AE2,25.66,35,285375,152420,97.66,B,III,III,0.97,7,"241T,3037T,14408T,15324T,23403G,25433T,",Verdun,80,No,Yes,No,No,No,No,No,Yes,No,No,No,Yes,Covid-19,No,No,No,No,Yes,2,No
VERD9_BC3,33,AE3,10.64,25,183619,180903,97.13,B.1,III,III,0.99,6,"241T,3037T,14408T,15324T,23403G,25433T,",Verdun,50,Yes,,Yes,Yes,No,No,Yes,No,No,No,frissons,No,,No,No,No,No,No,,No
VERD4_BC5,103,AE4,9.96,25,204194,197126,98.77,B.1.147,III,III,0.98,7,"241T,3037T,14408T,15324T,23403G,25433T,27926G,",Verdun,50,Yes,,Yes,No,No,No,No,No,No,No,No,No,,No,No,No,No,No,,No
VERD9_BC4,37,AE5,24.07,35,472259,287084,77.68,B.1,IX,IX,0.96,7,"241T,3037T,14408T,15324T,16949T,23403G,",Verdun,50,Yes,,No,Yes,Yes,No,No,No,No,No,aphonie,No,,No,No,No,No,Yes,2,No
VERD4_BC6,23,AE6,9.65,25,164471,159102,99.6,B.1,II,II,0.99,13,"241T,1059T,1150T,1223T,3037T,4886T,14408T,14829T,23403G,24782G,25563T,27561T,27964T,",Verdun,30,Yes,,Yes,No,No,No,No,No,No,No,mal_de_gorge,No,,No,No,No,No,No,,No
VERD9_BC18,161,AE7,19.35,35,332168,293822,95.32,B,III,III,0.93,7,"241T,3037T,14408T,15324T,23403G,25433T,",Notre-Dame,80,Yes,,No,Yes,No,No,No,No,Yes,No,douleur_abdominale,Yes,Covid-19,Yes,Yes,No,No,Yes,5,Yes
VERD4_BC7,105,AE8,14.34,25,193971,184823,96.09,B.1,III,III,0.98,6,"241T,3037T,14408T,15324T,23403G,25433T,",Verdun,60,Yes,,Yes,No,Yes,No,Yes,No,No,No,faiblesse,No,,No,No,No,No,No,,No
VERD4_BC8,48,AE9,10.14,25,241053,233027,99.6,B.1,III,III,0.98,6,"241T,3037T,14408T,15324T,23403G,25433T,",Verdun,80,Yes,,Yes,Yes,No,No,Yes,Yes,Yes,Yes,No,Yes,Covid-19,Yes,Yes,No,No,Yes,1,Yes
VERD4_BC9,28,AF1,7.26,35,337526,325994,99.6,B.1,III,III,0.98,6,"241T,3037T,14408T,15324T,23403G,25433T,",Verdun,40,Yes,,No,Yes,Yes,No,Yes,No,No,No,mal_de_gorge;faiblesse,No,,No,No,No,No,No,,No
VERD4_BC10,67,AF2,7.92,25,180075,174843,99.6,B.1.147,III,III,0.98,9,"241T,1473T,3037T,5986T,14408T,15324T,23403G,25433T,27567T,",Verdun,90,Yes,,No,Yes,No,No,No,Yes,Yes,Yes,frissons;étourdissement;faiblesse,Yes,Covid-19,No,No,No,No,Yes,3,No
VERD9_BC19,44,AF3,18.35,35,452117,421196,96.03,B.1,III,III,0.99,6,"241T,3037T,14408T,15324T,23403G,25433T,",Verdun,80,Yes,,Yes,Yes,No,No,No,Yes,No,Yes,inappétence;étourdissement,Yes,Covid-19,Yes,Yes,No,No,Yes,2,Yes
VERD4_BC11,179,AF4,12.11,25,129896,125117,95.06,B.1,III,III,0.98,7,"241T,3037T,14408T,15324T,21574T,23403G,25433T,",Notre-Dame,20,Yes,,No,Yes,No,No,No,No,No,No,No,No,,No,No,No,No,No,,No
VERD9_BC20,181,AF5,22.94,35,412818,333105,83.38,B,XXXIX,OTHER,0.83,11,"241T,3037T,6843T,15324T,16299A,23403G,25433T,",Verdun,30,Yes,,No,Yes,No,No,No,No,No,No,mal_de_gorge,No,,No,No,No,No,No,,No
VERD4_BC12,136,AF6,11.51,25,171977,166968,98.77,B.1,III,III,0.98,9,"241T,685A,685A,3037T,14408T,20268G,22578ACA,23403G,26313T,",Notre-Dame,60,Yes,,Yes,No,No,No,No,No,No,Yes,No,Yes,Covid-19,No,No,No,No,Yes,3,No
VERD13_BC1,83,AF7,6.46,25,300184,292540,99.6,B.1,II,II,0.99,11,"241T,1059T,1150T,3037T,4886T,14408T,14829T,23403G,25563T,27561T,27964T,",Verdun,50,Yes,,No,Yes,Yes,Yes,Yes,No,No,No,mal_de_gorge;frissons;faiblesse,No,,No,No,No,No,No,,No
VERD13_BC2,119,AF8,6.65,25,432163,323279,85.92,B,IX,IX,0.81,10,"241T,3037T,14408T,23403G,27964T,",Verdun,40,Yes,,No,Yes,Yes,No,No,No,No,No,mal_de_gorge,No,,No,No,No,No,No,,No
VERD4_BC13,30,AF9,14.72,25,192988,184487,94.26,B.1,III,III,0.98,6,"241T,3037T,14408T,15324T,23403G,25433T,",Verdun,50,Yes,,Yes,Yes,No,Yes,Yes,No,No,No,No,No,,No,No,No,No,No,,No
VERD1_BC16,77,AG1,11.39,25,362292,346032,97.82,B.1.36,II,II,0.78,13,"241T,3037T,14408T,23403G,",Notre-Dame,30,No,No,,,,,,,,,,No,,Yes,No,No,No,No,,No
VERD9_BC21,162,AG2,17.81,35,675328,640539,99.6,B.1,III,III,0.97,6,"241T,3037T,14408T,15324T,23403G,25433T,",Notre-Dame,70,Yes,,Yes,Yes,No,No,No,No,Yes,No,No,Yes,Covid-19,Yes,Yes,No,No,Yes,3,Yes
VERD8_BC5,173,AG3,4.58,25,249822,245295,99.6,B.1,III,III,0.99,7,"241T,3037T,10747T,14408T,15324T,23403G,25433T,",Verdun,30,Yes,,No,No,No,No,No,No,No,No,mal_de_gorge,No,,No,No,No,No,No,,No
VERD4_BC14,38,AG4,14.08,25,278770,267234,98.77,B.1.147,III,III,0.98,7,"241T,3037T,11138T,14408T,15324T,23403G,25433T,",Verdun,80,No,Yes,Yes,No,Yes,No,No,No,Yes,No,No,Yes,Other,No,No,No,No,Yes,3,No
VERD9_BC22,93,AG5,23.38,35,380904,317324,98.69,B.1.36,II,II,0.8,9,"241T,3037T,14408T,23403G,",Verdun,40,Yes,,Yes,Yes,No,No,No,No,No,No,mal_de_gorge;congestion_nasale;dysgueusie,No,,No,No,No,No,No,,No
VERD1_BC14,177,AG6,5.6,25,152061,144940,97.82,B.1,II,II,0.94,7,"241T,1059T,3037T,7065T,14408T,23403G,",Notre-Dame,90,Yes,,No,No,Yes,No,No,Yes,No,No,désorientation,Yes,Other,No,No,No,No,Yes,2,Yes
,58,AG7,20.62,,,,,,,,,,,Verdun,,,,,,,,,,,,,,,,,,,,,
VERD8_BC6,60,AG8,4.06,25,328326,320586,99.6,B.1,II,II,0.99,12,"241T,539T,1059T,3037T,6384T,11916T,14408T,16338T,21641T,23403G,25563T,29686T,",Verdun,50,Yes,,No,Yes,No,Yes,No,No,No,No,mal_de_gorge,No,,No,No,No,No,No,,No
VERD9_BC23,185,AG9,19.62,35,427018,294409,91.6,B,III,III,0.78,12,"241T,3037T,14408T,23403G,24381T,25433T,",Verdun,40,Yes,,No,Yes,No,No,Yes,No,No,No,mal_de_gorge;frissons,No,,No,No,No,No,No,,No
VERD9_BC24,151,AH1,21.39,35,347667,290811,99.6,B,II,II,0.78,14,"241T,3037T,14408T,23403G,29686T,",Verdun,40,Yes,,No,Yes,No,No,No,No,No,No,douleur_aux_jambes;hypersialorrhée,No,,No,No,No,No,No,,No
VERD4_BC15,140,AH2,7.73,25,157457,152818,99.6,B.1.147,III,III,0.98,8,"241T,3037T,14408T,15324T,18828T,23403G,25433T,27654T,",Verdun,90,Yes,,No,No,No,No,No,No,No,Yes,No,Yes,Covid-19,No,No,No,No,Yes,2,No
VERD10_BC1,152,AH3,22.3,35,446120,391578,97.76,B,II,II,0.8,13,"241T,3037T,14408T,23403G,29686T,",Verdun,20,Yes,,No,Yes,Yes,No,No,No,No,No,dysgueusie,No,,No,No,No,No,No,,No
VERD4_BC16,169,AH4,10.54,25,196491,189452,98.75,B.1.147,III,III,0.98,7,"241T,3037T,14408T,15324T,23403G,25433T,27926G,",Verdun,0,Yes,,Yes,Yes,Yes,No,No,No,No,No,No,No,,No,No,No,No,No,,No
VERD4_BC17,220,AH5,17.35,25,302740,240050,87.14,B.1,LXX,OTHER,0.93,7,"241T,1059T,3037T,12076T,14408T,23403G,25563T,",Notre-Dame,30,Yes,,No,Yes,No,No,No,No,Yes,No,No,Yes,Covid-19,No,No,No,No,No,,No
VERD8_BC7,224,AH6,3.21,25,228723,224363,98.64,B.1,III,III,0.94,8,"241T,3037T,14408T,15324T,20247T,23403G,25433T,",Verdun,80,Yes,,No,Yes,No,No,No,No,No,Yes,No,Yes,Covid-19,Yes,No,Yes,No,Yes,2,Yes
VERD4_BC18,158,AH7,10.64,25,112793,107865,94.49,B.1,II,II,0.96,8,"241T,1059T,3037T,11916T,14408T,21641T,23403G,25563T,",Notre-Dame,20,Yes,,Yes,No,Yes,Yes,No,Yes,No,Yes,mal_de_gorge;frissons;douleur_dorsale/généralisée,No,,No,No,No,No,No,,No
VERD10_BC3,235,AH8,21.43,35,643088,554178,96.86,B.1,II,II,0.95,6,"241T,1059T,3037T,14408T,23403G,25563T,",Verdun,80,Yes,,No,Yes,No,No,No,No,No,Yes,No,Yes,Covid-19,No,No,No,No,Yes,3,No
VERD10_BC4,79,AH9,24.02,35,503845,296942,62.22,B,CX,OTHER,0.83,10,"241T,12836T,15324T,23403G,25433T,25460T,26499T,",Verdun,40,Yes,,Yes,Yes,Yes,Yes,Yes,No,No,No,mal_de_gorge;frissons;congestion_nasale;herpès_buccale,No,,No,No,No,No,No,,No
VERD10_BC5,228,AI1,17.82,35,388242,332718,93.19,B.1,III,III,0.83,8,"241T,3037T,14408T,15324T,23403G,25433T,",Verdun,30,Yes,,No,Yes,Yes,No,No,No,Yes,No,No,No,,No,No,No,No,No,,No
VERD10_BC6,181,AI2,28.55,35,371203,309754,97.78,B.1,III,III,0.89,8,"241T,3037T,14408T,15324T,23403G,25433T,",Verdun,,,,,,,,,,,,,,,,,,,,,
VERD4_BC19,148,AI3,7.59,25,154423,149025,97.78,B.1,II,II,0.99,10,"241T,539T,1059T,3037T,11916T,14408T,21618T,21641T,23403G,25563T,",Notre-Dame,50,Yes,,Yes,Yes,No,No,No,No,No,No,rhume,No,,No,No,No,No,No,,No
VERD9_BC5,79,AI4,26.66,35,522548,318083,91.37,B,III,III,0.9,11,"241T,3037T,14408T,15324T,18086T,21363G,23403G,24739C,25433T,",Verdun,,,,,,,,,,,,,,,,,,,,,
VERD4_BC20,226,AI5,10.28,25,238479,231279,99.6,B.1,III,III,0.98,6,"241T,3037T,14408T,15324T,23403G,25433T,",Verdun,30,Yes,,No,Yes,No,Yes,Yes,No,No,No,mal_de_gorge,No,,No,No,No,No,No,,No
VERD8_BC8,168,AI6,4.89,25,397888,390443,99.6,B.1,III,III,0.98,6,"241T,3037T,14408T,15324T,23403G,25433T,",Verdun,40,Yes,,No,Yes,No,No,No,No,No,No,mal_de_gorge;frissons;aphonie,No,,No,No,No,No,No,,No
VERD4_BC21,182,AI7,7.48,25,144826,136548,90.64,B.1,III,III,0.97,7,"241T,3037T,13183T,14408T,15324T,23403G,25433T,",Notre-Dame,60,Yes,,No,Yes,No,No,No,No,No,No,mal_de_gorge;troubles_respiratoires,No,,No,No,No,No,Yes,1,No
VERD1_BC15,175,AI8,8.06,25,136309,130467,97.82,B.1,III,III,0.95,6,"241T,3037T,14408T,15324T,23403G,25433T,",Verdun,30,Yes,,No,Yes,No,No,Yes,No,No,No,mal_de_gorge,No,,No,No,No,No,No,,No
VERD4_BC22,97,AI9,8.88,25,363373,352936,99.6,B.1.128,III,III,0.98,10,"241T,2260T,3037T,8293T,8293T,14408T,18488C,23403G,24739C,26530G,",Verdun,50,Yes,,No,Yes,No,No,No,No,Yes,No,mal_de_gorge,No,,No,No,No,No,No,,No
VERD10_BC7,130,AJ1,14.54,35,322990,299876,97.7,B.1,II,II,0.99,11,"241T,1059T,1150T,3037T,4886T,7712T,14408T,14829T,23403G,25563T,27964T,",Verdun,20,Yes,,No,Yes,No,Yes,No,No,No,No,mal_de_gorge,No,,No,No,No,No,No,,No
VERD3_BC1,107,AJ2,6.4,25,533201,522463,98.62,B.1,III,III,0.99,8,"241T,253G,3037T,10747T,14408T,15324T,23403G,25433T,",Verdun,70,Yes,,Yes,No,Yes,No,No,Yes,No,Yes,frissons;douleur_abdominale,Yes,Covid-19,No,No,No,No,Yes,2,No
VERD10_BC8,159,AJ3,24.4,35,304420,250547,83.71,B.1,III,III,0.93,6,"241T,3037T,14408T,20320T,23403G,",Notre-Dame,20,No,No,,,,,,,,,,No,,No,No,No,No,No,,No
VERD9_BC6,49,AJ4,24.49,35,276174,168706,22.75,,CXXI,OTHER,0.99,4,"14408T,18488C,22567T,25433T,",Verdun,60,Yes,,No,No,No,No,No,No,No,No,détresse_respiratoire?,Yes,Covid-19,No,No,No,No,Yes,1,No
VERD10_BC9,111,AJ5,21.73,35,412434,370176,95.94,B.1,III,III,0.99,6,"241T,3037T,14408T,15324T,23403G,25433T,",Verdun,20,No,No,,,,,,,,,,No,,No,No,No,No,No,,No
VERD10_BC10,80,AJ6,31.03,35,376093,329564,93.97,B.1,III,III,0.95,6,"241T,3037T,14408T,23403G,25433T,",Verdun,40,Yes,,No,Yes,No,Yes,Yes,No,No,No,No,No,,No,No,No,No,No,,No
VERD3_BC2,150,AJ7,8.6,25,591371,578858,98.62,B.1,III,III,0.99,6,"241T,3037T,14408T,15324T,23403G,25433T,",Notre-Dame,30,Yes,,Yes,No,Yes,No,Yes,No,No,Yes,No,No,,No,No,No,No,No,,No
VERD8_BC9,125,AJ8,5.18,25,258739,253995,99.6,B.1,III,III,0.99,6,"241T,3037T,14408T,15324T,23403G,25433T,",Verdun,30,Yes,,No,Yes,Yes,Yes,Yes,No,No,No,mal_de_gorge;frissons,No,,No,No,No,No,No,,No
VERD3_BC3,41,AJ9,12,25,506329,488195,96.83,B.1,III,III,0.98,6,"241T,3037T,14408T,15324T,23403G,25433T,",Verdun,60,Yes,,Yes,No,No,No,No,No,No,No,asthénie;détresse_respiratoire_sévère,Yes,Other,Yes,No,Yes,No,Yes,3,Yes
VERD8_BC10,86,AK1,3.25,25,268280,260251,99.6,B.1.147,III,III,0.94,8,"241T,3037T,14408T,15324T,17123T,23403G,25433T,",Verdun,30,Yes,,No,Yes,Yes,Yes,Yes,No,No,No,No,No,,No,No,No,No,No,,No
VERD3_BC4,87,AK2,6.57,25,493987,479716,98.62,B.1,III,III,0.99,6,"241T,3037T,14408T,15324T,23403G,25433T,",Verdun,50,Yes,,No,No,No,No,No,No,No,No,mal_de_gorge,No,,No,No,No,No,No,,No
VERD3_BC5,194,AK3,10.57,25,372812,364541,98.62,B.1,III,III,0.99,7,"241T,3037T,10747T,14408T,15324T,23403G,25433T,",Verdun,50,No,Yes,Yes,No,No,No,No,No,No,No,No,Yes,Other,No,No,No,No,No,,No
VERD3_BC6,8,AK4,10.46,25,627114,604528,97.82,B.1.147,III,III,0.99,7,"241T,3037T,14408T,15324T,19017T,23403G,25433T,",Verdun,70,Yes,,No,Yes,No,No,No,No,No,No,No,Yes,Covid-19,Yes,Yes,No,No,Yes,2,No
VERD4_BC23,225,AK5,9.36,25,287503,278860,99.6,B.1,VIII,VIII,0.98,6,"241T,1347T,3037T,14408T,23403G,28881AAC,",Notre-Dame,40,Yes,,No,Yes,No,No,Yes,No,No,No,étoudissement;douleur_thoracique_à_l'inspiration_profonde,No,,No,No,No,No,No,,No
VERD10_BC11,174,AK6,22.56,35,540700,489367,99.6,B.1,III,III,0.98,6,"241T,3037T,14408T,15324T,23403G,25433T,",Verdun,40,Yes,,Yes,Yes,No,Yes,No,No,No,No,frissons,No,,No,No,No,No,No,,No
VERD3_BC7,171,AK7,17.31,25,405857,380838,95.95,B.1,III,III,0.88,7,"241T,3037T,14408T,15324T,23403G,25433T,",Verdun,30,Yes,,No,Yes,Yes,No,No,No,No,No,dysgueusie,No,,No,No,No,No,No,,No
VERD3_BC8,63,AK8,18.16,25,514800,489817,96.83,B.1,III,III,0.98,7,"241T,3037T,14408T,15324T,15810T,23403G,25433T,",Verdun,40,Yes,,Yes,No,No,No,Yes,No,No,No,mal_de_gorge,No,,No,No,No,No,No,,No
VERD10_BC12,106,AK9,20.54,35,351609,316573,99.6,B.1,III,III,0.95,6,"241T,3037T,14408T,15324T,23403G,25433T,",Verdun,30,Yes,,No,No,No,Yes,No,No,No,No,perte_de_connaissance;confusion,No,,No,No,No,No,No,,No
VERD3_BC9,15,AL1,10.4,25,489956,473456,98.62,B.1.128,III,III,0.99,11,"241T,1348T,3037T,8293T,8293T,14408T,17157G,18488C,23403G,24739C,26530G,",Verdun,80,Yes,,No,Yes,No,No,No,No,Yes,Yes,No,Yes,Covid-19,No,No,No,No,No,,No
VERD3_BC10,22,AL2,11.69,25,442370,411756,95.01,B.1,III,III,0.88,7,"241T,3037T,14408T,15324T,23403G,",Verdun,70,Yes,,No,Yes,Yes,No,No,No,No,No,No,No,,No,No,No,No,Yes,1,No
VERD10_BC13,221,AL3,27.41,35,344307,305952,98.77,B.1.147,III,III,0.95,7,"241T,3037T,14408T,15324T,23403G,25433T,",Verdun,30,Yes,,No,No,No,Yes,No,No,No,No,mal_de_gorge,No,,No,No,No,No,No,,No
VERD9_BC7,14,AL4,,25,190198,181421,99.6,B.1.147,III,III,0.98,8,"241T,3037T,14408T,15324T,18086T,21363G,23403G,25433T,",Verdun,70,Yes,,Yes,Yes,Yes,No,No,No,No,Yes,léthargie,No,,No,No,No,No,Yes,2,No
VERD3_BC11,121,AL5,15.72,25,518376,492783,96.83,B.1,VIII,VIII,0.97,10,"106T,241T,3037T,5512T,9667C,14408T,23403G,25947T,28361A,28881AAC,",Verdun,30,Yes,,No,Yes,No,No,Yes,No,No,No,frissons,No,,No,No,No,No,No,,No
VERD3_BC12,11,AL6,11.75,25,464450,446999,97.82,B,III,III,0.95,8,"241T,3037T,14408T,15324T,23403G,25433T,",Verdun,80,Yes,,Yes,Yes,No,No,No,No,Yes,Yes,inappétence;faiblesse,Yes,Covid-19,No,No,No,No,Yes,3,No
VERD3_BC13,143,AL7,8.43,25,556561,539294,97.61,B,VIII,VIII,0.98,11,"241T,3037T,8208T,9267A,14408T,22432T,23403G,25947T,28361A,28881AAC,",Notre-Dame,40,Yes,,Yes,Yes,No,Yes,No,No,Yes,No,rhinorrhée;odynophagie;diaphorèse,No,,No,No,No,No,No,,No
VERD3_BC14,71,AL8,9.3,25,523409,505151,97.82,B.1,III,III,0.99,6,"241T,3037T,14408T,15324T,23403G,25433T,",Verdun,40,Yes,,No,No,Yes,No,No,No,No,No,mal_de_gorge;frissons;dysgueusie,No,,No,No,No,No,No,,No
VERD3_BC15,42,AL9,11.12,25,432091,422690,98.62,B.1,III,III,0.99,6,"241T,3037T,14408T,15324T,23403G,25433T,",Verdun,70,Yes,,No,No,Yes,No,No,No,No,Yes,dysgueusie,Yes,Other,No,No,No,No,Yes,3,Yes
VERD8_BC11,89,AM1,5.68,25,328762,321261,99.6,B.1.147,III,III,0.99,7,"241T,3037T,14408T,15324T,23403G,25433T,27926G,",Verdun,40,Yes,,Yes,No,No,No,No,No,No,No,No,No,,No,No,No,No,No,,No
VERD10_BC14,134,AM2,23.41,35,528251,395825,96.86,B.1.147,III,III,0.93,7,"241T,3037T,14408T,15324T,23403G,25433T,",Verdun,70,No,No,,,,,,,,,,No,,Yes,No,No,No,No,,No
VERD3_BC16,40,AM3,14.91,25,514301,444518,94.87,B.1,III,III,0.97,7,"241T,3037T,14408T,23403G,25433T,29614T,",Notre-Dame,60,Yes,,No,No,No,No,No,No,No,Yes,faiblesse;,Yes,Other,Yes,Yes,No,No,Yes,3,No
VERD9_BC8,110,AM4,6.07,25,402291,393090,99.6,B.1,III,III,0.99,6,"241T,3037T,14408T,15324T,23403G,25433T,",Verdun,30,Yes,,No,No,No,No,No,No,No,No,congestion_nasale;dysgueusie,No,,No,No,No,No,No,,No
VERD3_BC17,186,AM5,9.85,25,444556,433567,97.67,B.1,II,II,0.99,14,"241T,1059T,1150T,3037T,4886T,8477C,14408T,14829T,16443T,23403G,25563T,27561T,27964T,29750T,",Verdun,20,Yes,,No,Yes,No,No,No,No,No,No,dysgueusie,No,,No,No,No,No,No,,No
VERD8_BC12,56,AM6,4.8,25,218145,213897,99.6,B.1,II,II,0.99,12,"241T,1059T,1150T,3037T,4886T,7712T,14408T,14829T,23403G,25563T,27561T,27964T,",Verdun,90,No,Yes,No,Yes,No,No,No,No,No,No,No,Yes,Other,Yes,Yes,No,No,No,,No
VERD10_BC15,152,AM7,12.43,35,189280,178734,95.91,B.1,III,III,0.99,6,"241T,3037T,14408T,15324T,23403G,25433T,",Verdun,,,,,,,,,,,,,,,,,,,,,
VERD9_BC9,59,AM8,9.89,35,957660,889898,99.6,B.1,III,III,0.99,7,"241T,3037T,10747T,14408T,15324T,23403G,25433T,",Verdun,50,Yes,,No,Yes,Yes,Yes,Yes,No,No,No,mal_de_gorge;frissons,No,,No,No,No,No,No,,No
VERD10_BC16,12,AM9,19.02,35,309192,119269,29.14,,LXVIII,OTHER,0.86,7,"241T,11082T,12729T,17723T,22264T,",Verdun,80,No,Yes,No,Yes,No,No,No,No,No,No,mal_de_gorge,Yes,Other,Yes,No,No,No,Yes,1,No
VERD13_BC10,68,AN1,24.4,35,556712,370550,89.6,B,III,III,0.96,7,"241T,3037T,14408T,15324T,23403G,25433T,",Verdun,40,Yes,,Yes,Yes,Yes,No,Yes,No,Yes,No,No,No,,No,No,No,No,No,,No
VERD10_BC18,231,AN2,26.87,35,1032689,881314,95.81,B,XXVIII,OTHER,0.86,10,"241T,1059T,1150T,3037T,14408T,23403G,25433T,",Notre-Dame,70,Yes,,Yes,Yes,No,No,No,No,No,No,frissons;congestion_nasale;inappétence,Yes,Covid-19,No,No,No,No,No,,No
VERD10_BC19,31,AN3,20.64,35,438562,396765,95.94,B.1,III,III,0.9,6,"241T,3037T,14408T,23403G,",Verdun,50,Yes,,No,Yes,No,Yes,Yes,No,No,No,mal_de_gorge;nausée,No,,No,No,No,No,No,,No
VERD9_BC10,57,AN4,7.04,25,274197,259631,98.08,B.1,III,III,0.99,6,"241T,3037T,14408T,15324T,23403G,25433T,",Verdun,10,Yes,,No,Yes,No,No,No,No,No,No,mal_de_gorge;faiblesse,No,,No,No,No,No,No,,No
VERD10_BC20,50,AN5,15.56,35,530283,476136,97.78,B.1,III,III,0.99,6,"241T,3037T,14408T,15324T,23403G,25433T,",Verdun,50,Yes,,Yes,Yes,No,No,No,No,No,No,No,No,,No,No,No,No,No,,No
VERD10_BC21,129,AN6,14.22,35,425321,407309,99.6,B.1,II,II,0.99,7,"241T,1059T,3037T,14408T,23403G,25563T,28606T,",Notre-Dame,70,No,No,,,,,,,,,,No,,Yes,No,No,No,No,,No
VERD10_BC22,100,AN7,22.12,35,276687,184752,90.68,B.1,?,OTHER,0.79,7,"3037T,11236C,15324T,23403G,",Verdun,50,Yes,,No,Yes,No,No,Yes,No,No,No,mal_de_gorge;dysgueusie,No,,No,No,No,No,No,,No
VERD10_BC23,187,AN8,29.15,35,219378,186321,96.94,B.1,IX,IX,0.97,5,"241T,3037T,14408T,23403G,25563T,",Notre-Dame,60,Yes,,No,Yes,No,No,No,No,No,No,mal_de_gorge,Yes,Covid-19,No,No,No,No,Yes,3,No
VERD9_BC11,18,AN9,6.46,25,591266,579483,99.6,B.1.147,III,III,0.99,7,"241T,3037T,12974T,14408T,15324T,23403G,25433T,",Verdun,90,Yes,,No,Yes,No,No,No,No,Yes,Yes,congestion,Yes,Covid-19,Yes,Yes,No,No,Yes,2,Yes
VERD10_BC24,51,AO1,25.08,35,269223,232008,85.92,B.1,III,III,0.85,8,"241T,3037T,14408T,21641T,23403G,25433T,",Verdun,80,No,No,,,,,,,,,,Yes,Other,No,No,No,No,Yes,1,No
VERD11_BC1,205,AO2,24.46,35,429391,336044,97.89,B.1,III,III,0.91,8,"241T,539T,3037T,14408T,21641T,23403G,",Verdun,20,Yes,,No,No,No,Yes,Yes,No,No,No,mal_de_gorge,No,,No,No,No,No,No,,No
VERD5_BC1,132,AO3,8.39,25,53743,51514,98.88,B.1,III,III,0.98,6,"241T,3037T,14408T,15324T,23403G,25433T,",Verdun,40,Yes,,Yes,Yes,No,No,No,No,No,Yes,No,Yes,Covid-19,No,No,No,No,No,,No
VERD11_BC2,24,AO4,29.05,35,339081,266035,83.17,B,XLIV,OTHER,0.74,8,"241T,3037T,23403G,",Verdun,50,Yes,,Yes,Yes,Yes,No,No,No,No,No,mal_de_gorge;dysgueusie,No,,No,No,No,No,No,,No
VERD11_BC3,180,AO5,25.71,35,271410,226431,76.14,B,?,OTHER,0.91,9,"3037T,10228T,15324T,19983T,20385TA,23403G,25433T,",Verdun,100,No,Yes,No,No,No,No,No,No,No,No,No,Yes,Other,No,No,No,No,No,,No
VERD5_BC2,70,AO6,12.23,25,83298,80443,97.78,B.1.147,III,III,0.98,7,"241T,3037T,14408T,15324T,23403G,25433T,27926G,",Verdun,30,Yes,,Yes,No,No,No,No,No,No,No,No,No,,No,No,No,No,No,,No
VERD5_BC3,229,AO7,9.32,25,176126,170071,99.6,B.1.147,III,III,0.99,8,"241T,257G,3037T,14408T,15324T,23403G,25096T,25433T,",Verdun,20,Yes,,No,Yes,No,No,No,No,No,No,mal_de_gorge,No,,No,No,No,No,No,,No
VERD11_BC4,90,AO8,25.98,35,374401,271995,87.26,B.1,IX,IX,0.82,9,"241T,257G,3037T,14408T,15324T,23403G,25563T,",Verdun,40,Yes,,No,Yes,No,No,No,No,Yes,No,congestion_nasale,No,,No,No,No,No,No,,No
VERD5_BC4,76,AO9,10.87,25,128797,124044,99.6,B.1.147,III,III,0.98,7,"241T,3037T,14408T,15324T,20283T,23403G,25433T,",Verdun,80,No,No,,,,,,,,,,Yes,Covid-19,No,No,No,No,Yes,2,No
VERD5_BC5,211,AP1,11.32,25,118111,112315,97.78,B.1,II,II,0.99,8,"241T,1059T,3037T,11916T,14408T,21641T,23403G,25563T,",Notre-Dame,70,Yes,,No,Yes,No,No,No,No,Yes,Yes,faiblesse,Yes,Covid-19,Yes,No,No,Yes,Yes,2,Yes
VERD5_BC6,24,AP2,11.93,25,140020,134265,97.78,B.1,III,III,0.99,7,"241T,3037T,13536T,14408T,15324T,23403G,25433T,",Verdun,,,,,,,,,,,,,,,,,,,,,
VERD5_BC7,78,AP3,17.57,25,488845,402287,93.43,B,III,III,0.79,9,"241T,3037T,14408T,15324T,23403G,25433T,",Verdun,50,Yes,,No,Yes,Yes,Yes,Yes,No,No,No,mal_de_gorge;frissons,No,,No,No,No,No,No,,No
VERD9_BC12,166,AP4,5.89,25,486869,474803,99.6,B.1.147,III,III,0.99,10,"241T,1437T,3037T,9042A,14408T,15324T,18086T,23086T,23403G,25433T,",Verdun,80,No,No,,,,,,,,,,Yes,Other,No,No,No,No,No,,No
VERD11_BC5,119,AP5,21.97,35,180120,98307,49.91,B.1,LVIII,OTHER,0.92,6,"1601T,3037T,9042A,14408T,23403G,",Verdun,,,,,,,,,,,,,,,,,,,,,
VERD5_BC8,163,AP6,16.36,25,273830,239794,97.78,B.1,III,III,0.99,6,"241T,3037T,14408T,15324T,23403G,25433T,",Verdun,80,No,Yes,Yes,Yes,Yes,No,No,No,No,No,No,Yes,Other,No,No,No,No,Yes,4,No
VERD11_BC6,218,AP7,29.12,35,169663,131031,49.57,,LII,OTHER,0.73,6,"15324T,18086T,21741A,23403G,",Notre-Dame,20,No,No,,,,,,,,,,No,,No,No,No,No,No,,No
VERD8_BC13,93,AP8,5.61,25,409750,403433,99.6,B.1,III,III,0.99,6,"241T,3037T,14408T,15324T,23403G,25433T,",Verdun,,,,,,,,,,,,,,,,,,,,,
VERD11_BC7,124,AP9,30.82,35,264173,138555,27.23,,I,I,0.99,5,"4955A,11093C,15004T,15324T,15701T,",Verdun,50,Yes,,No,Yes,No,No,No,No,No,No,mal_de_gorge,No,,No,No,No,No,No,,No
VERD5_BC9,139,AQ1,8.45,25,101706,97158,99.6,B.1,II,II,0.99,9,"241T,685A,685A,1059T,3037T,14408T,22232C,23403G,25563T,",Notre-Dame,50,Yes,,No,Yes,No,No,No,No,Yes,No,No,No,,No,No,No,No,No,,No
VERD5_BC10,204,AQ2,14.26,25,194209,183831,94.26,B.1,II,II,0.99,6,"241T,1059T,3037T,14408T,23403G,25563T,",Verdun,90,Yes,,Yes,No,No,No,No,No,No,Yes,faiblesse,Yes,Other,No,No,No,No,No,,No
VERD8_BC14,100,AQ3,4.61,25,336893,329269,99.6,B.1,III,III,0.99,6,"241T,3037T,14408T,15324T,23403G,25433T,",Verdun,,,,,,,,,,,,,,,,,,,,,
VERD5_BC11,122,AQ4,10.22,25,142890,136893,98.77,B.1,III,III,0.98,6,"241T,3037T,14408T,15324T,23403G,25433T,",Verdun,40,Yes,,Yes,Yes,Yes,No,No,No,No,No,No,No,,No,No,No,No,No,,No
VERD5_BC12,53,AQ5,8.56,25,158879,153184,99.6,B.1,III,III,0.98,6,"241T,3037T,14408T,15324T,23403G,25433T,",Verdun,40,Yes,,Yes,No,No,No,Yes,No,No,No,mal_de_gorge,No,,No,No,No,No,No,,No
VERD5_BC13,192,AQ6,7.45,25,104882,101055,99.6,B.1,III,III,0.99,7,"241T,3037T,3728T,14408T,15324T,23403G,25433T,",Verdun,30,Yes,,No,Yes,No,No,No,No,No,No,rhinorrhée;dysgueusie,No,,No,No,No,No,No,,No
VERD5_BC14,201,AQ7,16.67,25,511182,423671,94.11,B.1.350,II,II,0.96,7,"241T,1059T,3037T,14408T,23403G,25217T,",Verdun,50,Yes,,No,Yes,Yes,No,No,No,Yes,No,No,Yes,Covid-19,Yes,Yes,No,No,No,,No
VERD13_BC3,90,AQ8,6.56,25,316077,308789,99.6,B.1,III,III,0.99,6,"241T,3037T,14408T,15324T,23403G,25433T,",Verdun,,,,,,,,,,,,,,,,,,,,,
VERD5_BC15,196,AQ9,17.74,25,248858,139647,61.8,B,LXVIII,OTHER,0.8,6,"241T,1931C,15324T,27976A,",Notre-Dame,50,Yes,,No,Yes,No,No,No,Yes,No,Yes,No,Yes,Covid-19,Yes,Yes,No,No,No,,No
VERD5_BC16,206,AR1,15.21,25,652524,609760,98.47,B.1,II,II,0.99,13,"241T,1059T,1150T,1223T,3037T,4886T,14408T,14829T,23403G,24782G,25563T,27561T,27964T,",Verdun,20,Yes,,No,Yes,Yes,Yes,No,No,No,No,mal_de_gorge;dysgueusie,No,,No,No,No,No,No,,No
VERD8_BC15,64,AR2,0,25,226424,219945,99.6,B.1,II,II,0.99,10,"241T,1059T,1387T,3037T,14408T,20755C,20936T,23403G,25563T,28717T,",Verdun,50,Yes,,No,No,No,No,No,No,Yes,No,No,No,,No,No,No,No,No,,No
VERD5_BC17,202,AR3,10.97,25,129949,124737,99.6,B.1,III,III,0.99,6,"241T,3037T,14408T,15324T,23403G,25433T,",Verdun,80,Yes,,Yes,No,No,No,No,No,Yes,Yes,No,Yes,Covid-19,Yes,No,Yes,No,Yes,1,Yes
VERD5_BC18,153,AR4,11.99,25,255027,240111,95.99,B.1.281,II,II,0.93,11,"241T,1059T,3037T,3725C,5284T,8614C,14408T,23403G,25563T,29304T,",Notre-Dame,80,Yes,,No,No,Yes,No,No,Yes,No,Yes,faiblesse,Yes,Covid-19,No,No,No,No,No,,No
VERD5_BC19,126,AR5,13.06,25,124924,116970,95.9,B.1,III,III,0.98,6,"241T,3037T,14408T,15324T,23403G,25433T,",Verdun,40,Yes,,No,Yes,No,No,Yes,No,No,No,mal_de_gorge,No,,No,No,No,No,No,,No
VERD5_BC20,189,AR6,8.76,25,220135,212349,99.6,B.1.147,III,III,0.98,8,"241T,1473T,3037T,14408T,15324T,23403G,25433T,27567T,",Notre-Dame,40,No,No,,,,,,,,,,Yes,Covid-19,Yes,Yes,No,No,No,,No
VERD11_BC8,198,AR7,17.76,35,211163,198224,99.6,B,II,II,0.84,10,"241T,1059T,3037T,14408T,23403G,25563T,",Verdun,60,Yes,,Yes,Yes,No,No,No,No,No,No,diarrhée,No,,No,No,No,No,No,,No
VERD9_BC13,66,AR8,6.16,25,129410,125789,99.59,B.1,II,II,0.99,16,"241T,1059T,1150T,1223T,3037T,4886T,5826T,14408T,14829T,22606T,22606T,23403G,24782G,25563T,27561T,27964T,",Verdun,40,Yes,,No,Yes,No,No,Yes,No,No,No,No,No,,No,No,No,No,No,,No
VERD5_BC21,82,AR9,8.84,25,184539,178188,98.77,B.1,II,II,0.99,13,"241T,1059T,1150T,1223T,3037T,4886T,14408T,14829T,23403G,24782G,25563T,27561T,27964T,",Verdun,30,Yes,,No,No,Yes,Yes,No,No,Yes,No,mal_de_gorge;dysgueusie,No,,No,No,No,No,No,,No
VERD5_BC22,197,AS1,14.31,25,112423,106061,97.78,B.48,I,I,0.95,6,"1604A,1604A,3064G,6549C,20270T,22661T,",Verdun,60,Yes,,Yes,Yes,Yes,No,Yes,No,No,No,frissons;faiblesse;asthénie;étourdissement;RGO,Yes,Covid-19,No,No,No,No,No,,No
VERD11_BC9,127,AS2,27.9,35,271290,134578,38.31,,?,OTHER,0.99,5,"539T,3037T,11916T,23554A,25563T,",Verdun,30,Yes,,No,No,No,No,No,No,No,No,mal_de_gorge,No,,No,No,No,No,No,,No
VERD11_BC10,213,AS3,25.09,35,233898,165269,78.56,B,LVI,OTHER,0.87,8,"241T,14408T,14848C,19983C,23403G,25563T,",Verdun,30,Yes,,No,No,No,No,Yes,No,No,No,mal_de_gorge,No,,No,No,No,No,No,,No
VERD5_BC23,101,AS4,10.51,25,145153,140873,99.6,B.1,III,III,0.99,6,"241T,3037T,14408T,15324T,23403G,25433T,",Verdun,40,Yes,,Yes,Yes,No,No,Yes,No,No,No,frissons,No,,No,No,No,No,No,,No
VERD8_BC16,131,AS5,5.18,25,344778,338744,99.6,B.1.147,III,III,0.99,8,"241T,514T,882T,3037T,14408T,15324T,23403G,25433T,",Verdun,70,No,No,,,,,,,,,,Yes,Other,No,No,No,No,Yes,2,No
VERD5_BC24,200,AS6,16.73,25,505234,446796,95.06,B,II,II,0.87,10,"241T,1059T,3037T,14408T,23403G,25563T,",Verdun,70,Yes,,Yes,Yes,No,No,No,Yes,No,Yes,No,Yes,Covid-19,No,No,No,No,No,,No
VERD6_BC1,115,AS7,12.58,25,424469,396948,97.84,B.1,III,III,0.99,6,"241T,3037T,14408T,15324T,23403G,25433T,",Verdun,40,Yes,,Yes,Yes,No,No,Yes,No,No,No,No,No,,No,No,No,No,No,,No
VERD6_BC2,149,AS8,12.06,25,474695,444931,97.75,B.1,III,III,0.99,6,"241T,3037T,14408T,15324T,23403G,25433T,",Notre-Dame,20,Yes,,No,Yes,Yes,No,No,No,Yes,Yes,mal_de_gorge;difficulté_respiratoire,No,,No,No,No,No,No,,No
VERD6_BC3,17,AS9,13.55,25,356607,324971,96.98,B.1.147,III,III,0.98,7,"241T,3037T,7040G,14408T,15324T,23403G,25433T,",Verdun,70,No,Yes,No,No,No,No,No,No,No,No,frissons,Yes,Other,Yes,Yes,No,No,No,4,No
VERD11_BC11,109,AT1,28.61,35,224106,163878,81.33,B,XXXIX,OTHER,0.77,9,"241T,3037T,11138T,23403G,",Verdun,30,Yes,,No,Yes,Yes,Yes,No,No,No,No,faiblesse,No,,No,No,No,No,No,,No
VERD11_BC12,10,AT2,23.07,35,594092,262223,88.96,B.1,III,III,0.94,7,"241T,3037T,14408T,15324T,23403G,25433T,",Verdun,80,No,Yes,Yes,Yes,No,No,No,No,No,No,No,Yes,Other,Yes,Yes,No,No,Yes,3,Yes
VERD6_BC4,17,AT3,10.57,25,371817,357546,99.6,B.1.147,III,III,0.99,7,"241T,3037T,7040G,14408T,15324T,23403G,25433T,",Verdun,,,,,,,,,,,,,,,,,,,,,
VERD13_BC17,154,AT4,5.24,25,297409,289316,99.6,B.1,III,III,0.99,6,"241T,3037T,14408T,15324T,23403G,25433T,",Verdun,40,Yes,,Yes,No,No,No,No,No,No,No,No,No,,No,No,No,No,No,,No
VERD11_BC13,142,AT5,21.99,35,234027,119787,33.63,,I,I,0.94,5,"15324T,20296A,21101T,25433T,",Notre-Dame,40,Yes,,No,Yes,No,No,No,No,No,No,mal_de_gorge;frissons;inconfort_rétro-sternal,No,,No,No,No,No,No,,No
VERD6_BC5,75,AT6,13.59,25,393832,374693,98.77,B.1,III,III,0.99,7,"241T,3037T,14408T,15324T,23403G,25433T,29750T,",Verdun,20,Yes,,No,Yes,No,No,Yes,No,No,No,mal_de_gorge;congestion_nasale,No,,No,No,No,No,No,,No
VERD6_BC6,199,AT7,10.4,25,413594,392185,99.6,B.1,II,II,0.96,14,"241T,1059T,1150T,1223T,3037T,4886T,14408T,14829T,23403G,24782G,25563T,27561T,27964T,",Verdun,40,Yes,,Yes,No,Yes,Yes,No,No,No,No,mal_de_gorge;migraine,No,,No,No,No,No,No,,No
VERD6_BC7,205,AT8,9.7,25,390334,378090,99.6,B.1,II,II,0.99,13,"241T,1059T,1150T,1223T,3037T,4886T,14408T,14829T,23403G,24782G,25563T,27561T,27964T,",Verdun,0,,,,,,,,,,,,,,,,,,,,
VERD6_BC8,5,AT9,13.72,25,353311,335473,95.98,B.1,III,III,0.99,6,"241T,3037T,14408T,15324T,23403G,25433T,",Verdun,70,Yes,,No,Yes,No,No,No,No,Yes,No,douleur_au_dos,Yes,Covid-19,Yes,Yes,No,No,Yes,5,No
VERD6_BC9,123,AU1,16.48,25,333556,288746,92.46,B.1,III,III,0.99,6,"241T,3037T,14408T,15324T,23403G,25433T,",Verdun,30,Yes,,Yes,Yes,Yes,No,Yes,No,No,No,No,No,,No,No,No,No,No,,No
VERD6_BC10,8,AU2,12.34,25,380657,365172,96.97,B.1,III,III,0.99,7,"241T,3037T,14408T,15324T,19017T,23403G,25433T,",Verdun,,,,,,,,,,,,,,,,,,,,,
VERD13_BC4,209,AU3,6.74,25,474746,463964,99.6,B.1,III,III,0.99,6,"241T,3037T,14408T,15324T,23403G,25433T,",Verdun,40,Yes,,Yes,Yes,No,No,No,No,No,No,frissons,No,,No,No,No,No,No,,No
VERD11_BC14,183,AU4,25.93,35,190288,141148,59.68,A,?,OTHER,0.77,7,"241T,14408T,25433T,",Notre-Dame,70,Yes,,Yes,Yes,No,Yes,No,Yes,Yes,No,No,Yes,Covid-19,Yes,Yes,No,No,Yes,2,No
VERD11_BC15,72,AU5,25.86,35,142250,81210,56.18,B.1,XLVII,OTHER,0.98,7,"223G,241T,11138T,13728T,14408T,23403G,25433T,",Verdun,30,Yes,,No,No,Yes,No,No,No,No,No,mal_de_gorge,No,,No,No,No,No,No,,No
VERD13_BC5,65,AU6,6.66,25,317463,308440,99.6,B.1,III,III,0.99,6,"241T,3037T,14408T,15324T,23403G,25433T,",Verdun,40,Yes,,Yes,Yes,No,No,No,No,Yes,No,No,No,,No,No,No,No,No,,No
VERD6_BC11,3,AU7,10.48,25,384891,370620,99.6,B.1,III,III,0.99,6,"241T,3037T,14408T,15324T,23403G,25433T,",Verdun,90,No,Yes,No,Yes,No,No,No,No,No,No,No,Yes,Other,No,No,No,No,Yes,2,No
VERD6_BC12,144,AU8,11.68,25,281134,268818,99.6,B,II,II,0.97,12,"241T,1059T,3037T,4784T,11916T,14408T,18998T,21786A,23403G,25563T,29540A,",Verdun,70,Yes,,Yes,Yes,Yes,No,Yes,No,No,Yes,frissons;faiblesse,Yes,Covid-19,No,No,No,No,No,,No
VERD6_BC13,141,AU9,7.66,35,328961,317193,99.6,B.1,III,III,0.99,6,"241T,3037T,14408T,15324T,23403G,25433T,",Notre-Dame,40,Yes,,No,Yes,Yes,No,Yes,No,Yes,No,frissons,No,,No,No,No,No,No,,No
VERD11_BC16,20,AV1,19.56,35,232486,196038,93.3,B.1,III,III,0.98,6,"241T,3037T,14408T,15324T,23403G,25433T,",Verdun,90,No,No,,,,,,,,,,Yes,Other,Yes,No,No,No,No,,No
VERD11_BC17,138,AV2,27.28,35,589934,346455,89.68,B.1,III,III,0.84,8,"241T,3037T,14408T,23403G,25433T,26630A,",Verdun,20,Yes,,No,No,No,No,No,No,No,No,frissons;douleur_généralisée,No,,No,No,No,No,No,,No
VERD11_BC18,191,AV3,22.38,35,293491,88744,38.33,,XLVII,OTHER,0.98,6,"241T,2027C,13681T,14408T,23403G,25433T,",Notre-Dame,80,Yes,,No,Yes,Yes,No,No,No,No,Yes,No,Yes,Covid-19,Yes,Yes,No,No,No,,No
VERD6_BC14,203,AV4,11.24,25,340770,325504,95.98,B.1,III,III,0.98,7,"241T,3037T,14408T,15324T,18348T,23403G,25433T,",Notre-Dame,80,Yes,,Yes,Yes,No,No,No,No,Yes,No,No,Yes,Covid-19,Yes,Yes,No,No,Yes,2,No
VERD11_BC19,195,AV5,20.73,35,305688,298545,99.6,B.1,IX,IX,0.89,8,"241T,2416T,3037T,14408T,23403G,25508T,25563T,",Notre-Dame,50,Yes,,Yes,Yes,No,No,No,No,No,No,No,Yes,Covid-19,No,No,No,No,No,,No
VERD6_BC15,88,AV6,9.16,25,272550,257159,94.95,B.1,III,III,0.98,6,"241T,3037T,14408T,15324T,23403G,25433T,",Notre-Dame,30,Yes,,No,Yes,No,No,No,No,No,No,mal_de_gorge,No,,No,No,No,No,No,,No
VERD6_BC16,78,AV7,8.37,25,229333,208126,93.29,B.1,III,III,0.85,7,"241T,3037T,14408T,23403G,",Verdun,,,,,,,,,,,,,,,,,,,,,
VERD6_BC17,210,AV8,14.26,25,376932,333747,91.53,B.1,III,III,0.99,7,"241T,3037T,13667T,14408T,15324T,23403G,25433T,",Verdun,50,Yes,,Yes,Yes,Yes,No,No,No,Yes,No,faiblesse;douleur_thoracique,Yes,Covid-19,No,No,No,No,No,,No
VERD6_BC18,207,AV9,12.6,25,355332,334899,95.06,B.1,IX,IX,0.99,6,"241T,3037T,14408T,18877T,23403G,25563T,",Notre-Dame,60,Yes,,No,Yes,No,No,No,No,Yes,No,douleur_thoracique,Yes,Covid-19,Yes,No,No,Yes,No,,No
VERD6_BC19,55,AW1,16.38,25,394191,358419,92.46,B.1,III,III,0.99,6,"241T,3037T,14408T,15324T,23403G,25433T,",Verdun,50,Yes,,Yes,Yes,Yes,No,Yes,No,Yes,No,No,No,,No,No,No,No,No,,No
VERD6_BC20,134,AW2,16.04,25,407776,375778,94.24,B.1,IX,IX,0.88,6,"241T,3037T,14408T,23403G,",Verdun,,,,,,,,,,,,,,,,,,,,,
VERD11_BC20,81,AW3,24.64,35,650898,284943,93.88,B.1,IX,IX,0.92,11,"241T,688T,2416T,3037T,14408T,19205A,23403G,25508T,25563T,28717T,",Verdun,30,Yes,,No,No,Yes,No,No,No,No,No,mal_de_gorge;frissons,No,,No,No,No,No,No,,No
VERD11_BC21,157,AW4,21.68,35,324969,250089,96.14,B.1,III,III,0.77,8,"241T,3037T,14408T,23403G,",Verdun,40,Yes,,No,Yes,Yes,Yes,No,Yes,No,No,douleur_abdominale,No,,No,No,No,No,No,,No
VERD6_BC21,215,AW5,16.94,25,273807,244957,83.31,B.1,?,OTHER,0.94,6,"2416T,14408T,23403G,25508T,25563T,",Notre-Dame,20,Yes,,Yes,Yes,No,No,No,No,No,Yes,mal_de_gorge;faiblesse,Yes,Covid-19,No,No,No,No,No,,No
VERD11_BC22,50,AW6,24.27,35,251568,153296,70.19,B.1,III,III,0.87,7,"241T,3037T,14408T,20766AC,20769A,23403G,",Verdun,,,,,,,,,,,,,,,,,,,,,
VERD13_BC18,118,AW7,5.22,25,530015,514597,99.6,B.1,III,III,0.99,6,"241T,3037T,14408T,15324T,23403G,25433T,",Notre-Dame,40,Yes,,No,Yes,No,No,Yes,No,No,No,No,No,,No,No,No,No,No,,No
VERD6_BC22,52,AW8,17.18,25,302148,278523,92.46,B.1,II,II,0.98,10,"241T,1059T,1150T,3037T,4886T,14408T,14829T,23403G,25563T,27964T,",Verdun,90,No,No,,,,,,,,,,Yes,Other,No,No,No,No,No,,No
VERD11_BC23,74,AW9,20.15,35,528188,353276,89.21,B,II,II,0.91,9,"241T,1059T,3037T,14408T,14829T,23403G,25745T,",Verdun,40,Yes,,Yes,Yes,No,No,No,No,No,No,mal_de_gorge,No,,No,No,No,No,No,,No
VERD6_BC23,188,AX1,17.54,25,345451,306791,94.32,B.1,III,III,0.98,6,"241T,3037T,14408T,15324T,23403G,25433T,",Verdun,40,Yes,,Yes,No,No,No,No,No,No,No,No,No,,No,No,No,No,No,,No
VERD11_BC24,147,AX2,19.27,35,810833,666396,89.96,B.1,III,III,0.91,8,"241T,3037T,14408T,15324T,23403G,25083T,25433T,",Notre-Dame,40,Yes,,No,Yes,No,No,No,No,No,No,faiblesse;inappétence,No,,No,No,No,No,No,,No
VERD13_BC6,230,AX3,6.83,25,328175,320569,99.6,B.1,III,III,0.99,6,"241T,3037T,14408T,15324T,23403G,25433T,",Notre-Dame,60,Yes,,No,Yes,No,No,Yes,Yes,Yes,No,mal_de_gorge,No,,No,No,No,No,No,,No
VERD12_BC1,216,AX4,22.78,35,129017,75011,28.99,,LII,OTHER,0.98,3,"443G,509G,23403G,",Notre-Dame,30,Yes,,Yes,No,No,No,No,Yes,No,No,No,Yes,Covid-19,No,No,No,No,No,,No
VERD12_BC2,16,AX5,20.4,35,246428,198639,87.12,B,III,III,0.95,7,"241T,3037T,14408T,15324T,23403G,25433T,",Verdun,,,,,,,,,,,,,,,,,,,,,
VERD6_BC24,35,AX6,10.51,25,437962,419723,99.6,B.1.147,III,III,0.92,9,"241T,3037T,14408T,15324T,18086T,23403G,25433T,",Verdun,90,Yes,,Yes,Yes,No,No,No,Yes,Yes,Yes,inappétence,Yes,Covid-19,Yes,Yes,No,No,Yes,3,Yes
VERD12_BC3,25,AX7,22.37,35,400395,311220,81.61,B.1,III,III,0.89,5,"241T,3037T,14408T,23403G,",Verdun,50,Yes,,No,Yes,No,No,No,No,No,No,mal_de_gorge,No,,No,No,No,No,Yes,2,No
VERD12_BC4,237,AX8,17.77,35,269780,232988,88.78,B.1,III,III,0.86,7,"241T,3037T,5422C,14408T,23403G,25433T,",Notre-Dame,40,Yes,,No,No,No,No,No,No,No,Yes,frissons,Yes,Covid-19,No,No,No,No,No,,No
VERD7_BC1,111,AX9,16.76,25,483362,436057,91.56,B.1,III,III,0.99,6,"241T,3037T,14408T,15324T,23403G,25433T,",Verdun,,,,,,,,,,,,,,,,,,,,,
VERD7_BC2,233,AY1,7.52,25,534348,516194,99.6,B.1.147,III,III,0.99,7,"241T,3037T,12974T,14408T,15324T,23403G,25433T,",Verdun,70,Yes,,No,No,No,No,No,No,No,Yes,faiblesse,Yes,Covid-19,Yes,Yes,No,No,Yes,2,No
VERD12_BC5,155,AY2,19.09,35,203318,177536,85.15,B.1,III,III,0.84,8,"241T,3037T,11082T,14408T,23403G,25433T,",Notre-Dame,20,Yes,,Yes,Yes,Yes,Yes,Yes,No,No,No,mal_de_gorge;frissons,No,,No,No,No,No,No,,No
VERD7_BC3,94,AY3,15.11,25,473922,444103,97.78,B.1,III,III,0.99,6,"241T,3037T,14408T,15324T,23403G,25433T,",Verdun,50,Yes,,No,No,No,Yes,No,No,No,No,mal_de_gorge,No,,No,No,No,No,No,,No
VERD12_BC6,46,AY4,18.27,35,543770,310248,70.59,A,CX,OTHER,0.76,7,"241T,5932C,23403G,25433T,",Verdun,70,No,Yes,Yes,Yes,No,No,No,No,Yes,No,No,Yes,Other,Yes,Yes,No,No,Yes,3,Yes
VERD12_BC7,164,AY5,26.3,35,705400,291719,50.11,,?,OTHER,0.91,5,"241T,14408T,20755C,25433T,",Verdun,40,Yes,,Yes,Yes,No,No,Yes,No,No,No,mal_de_gorge;frissons,No,,No,No,No,No,No,,No
VERD13_BC19,219,AY6,5.41,25,324205,316467,99.6,B.1,III,III,0.99,6,"241T,3037T,14408T,15324T,23403G,25433T,",Notre-Dame,50,Yes,,No,Yes,No,No,No,No,No,No,frissons,No,,No,No,No,No,No,,No
VERD7_BC4,190,AY7,17.43,25,413477,356376,92.48,B.1,III,III,0.99,7,"241T,683T,3037T,14408T,15324T,23403G,25433T,",Verdun,40,Yes,,Yes,Yes,No,No,Yes,No,No,No,No,No,,No,No,No,No,No,,No
VERD7_BC5,165,AY8,12.92,25,523084,499826,98.68,B.1,VIII,VIII,0.97,10,"106T,241T,3037T,5512T,9667C,14408T,23403G,25947T,28361A,28881AAC,",Verdun,30,Yes,,No,Yes,No,No,Yes,No,No,No,No,No,,No,No,No,No,No,,No
VERD7_BC6,116,AY9,7.23,25,449313,435403,99.6,B,III,III,0.96,7,"241T,3037T,14408T,15324T,23403G,25433T,",Verdun,40,Yes,,Yes,Yes,Yes,No,No,No,No,No,picotement_à_la_gorge,No,,No,No,No,No,No,,No
VERD7_BC7,32,AZ1,15.66,25,414521,391352,96.75,B.1.147,III,III,0.98,8,"241T,3037T,14408T,15324T,19164T,23323C,23403G,25433T,",Verdun,50,Yes,,Yes,No,No,Yes,Yes,No,No,No,faiblesse,No,,No,No,No,No,No,,No
VERD12_BC8,62,AZ2,26.25,35,251436,200394,89.9,B,III,III,0.92,8,"241T,3037T,14408T,15324T,23403G,25433T,",Verdun,40,Yes,,No,Yes,No,No,No,No,Yes,No,mal_de_gorge;frissons,No,,No,No,No,No,No,,No
VERD7_BC8,234,AZ3,10.82,25,414637,400515,99.6,B.1,III,III,0.99,11,"241T,685A,685A,3037T,14408T,20268G,21990T,22578ACA,23403G,26313T,27143T,",Notre-Dame,80,Yes,,Yes,No,No,No,No,Yes,Yes,No,No,Yes,Covid-19,Yes,Yes,No,No,No,,Yes
VERD12_BC9,133,AZ4,21.35,35,254836,162642,80.28,B.1,III,III,0.99,6,"241T,3037T,3209G,14408T,23403G,25433T,",Verdun,30,Yes,,No,Yes,Yes,No,Yes,No,No,No,faiblesse;diaphorèse,No,,No,No,No,No,No,,No
VERD12_BC10,184,AZ5,18.97,35,383088,331680,96.87,B.1,II,II,0.96,11,"241T,1059T,1150T,3037T,4886T,14408T,14829T,23403G,25563T,27964T,",Verdun,40,Yes,,Yes,Yes,Yes,No,No,No,No,No,No,No,,No,No,No,No,No,,No
VERD13_BC7,137,AZ6,6.85,25,229133,223851,99.6,B.1.147,III,III,0.99,8,"241T,257G,3037T,14408T,15324T,23403G,25096T,25433T,",Notre-Dame,40,Yes,,Yes,Yes,Yes,No,Yes,No,No,No,mal_de_gorge;agueusie;douleur_généralisée,No,,No,No,No,No,No,,No
VERD12_BC11,187,AZ7,25.83,35,538409,257067,60.35,B.1,CVI,OTHER,0.75,5,"14408T,16090C,23403G,",Notre-Dame,,,,,,,,,,,,,,,,,,,,,
VERD7_BC9,178,AZ8,15.49,25,429719,401455,96.9,B.1.147,III,III,0.99,7,"241T,2523T,3037T,14408T,15324T,23403G,25433T,",Verdun,30,Yes,,No,Yes,No,No,No,Yes,Yes,No,mal_de_gorge,No,,No,No,No,No,No,,No
VERD7_BC10,114,AZ9,7.78,25,430430,416662,99.6,B.1.147,III,III,0.99,9,"241T,1161A,3037T,10198T,10747T,14408T,15324T,23403G,25433T,",Verdun,40,Yes,,No,No,No,No,Yes,Yes,Yes,No,mal_de_gorge,No,,No,No,No,No,No,,No
VERD13_BC20,26,BA1,2.94,25,265374,257866,99.6,B.1,II,II,0.96,15,"241T,1059T,1150T,1223T,3037T,4886T,5310T,14408T,14829T,23403G,24782G,25563T,27561T,27964T,",Verdun,80,No,Yes,Yes,No,No,No,No,No,No,Yes,No,Yes,Other,No,No,No,No,No,,No
VERD12_BC12,117,BA2,23.6,35,379043,310789,95.18,B,II,II,0.91,14,"241T,3037T,4886T,5310T,14408T,14829T,23403G,24782G,25563T,27964T,",Verdun,30,Yes,,No,Yes,Yes,Yes,Yes,No,No,No,mal_de_gorge;frissons,No,,No,No,No,No,No,,No
VERD12_BC13,27,BA3,26,35,589074,513123,97.9,B.1,III,III,0.81,8,"241T,3037T,14408T,23403G,",Verdun,60,No,No,,,,,,,,,,No,,No,No,No,No,No,,No
VERD12_BC14,153,BA4,28.04,35,557464,433751,77.46,B,?,OTHER,0.91,10,"241T,1059T,1150T,1223T,5310T,21335CA,25433T,27964T,",Notre-Dame,,,,,,,,,,,,,,,,,,,,,
VERD7_BC11,222,BA5,9.24,25,385724,372285,99.6,B.1,III,III,0.99,9,"241T,685A,685A,3037T,14408T,20268G,22578ACA,23403G,26313T,",Notre-Dame,90,Yes,,No,No,No,No,No,No,No,Yes,mal_de_gorge,Yes,Covid-19,Yes,Yes,No,No,No,,No
VERD7_BC12,240,BA6,10.17,25,286475,276489,99.6,B.1.147,III,III,0.97,8,"241T,3037T,8962G,14408T,15324T,22053G,23403G,25433T,",Notre-Dame,70,Yes,,Yes,No,Yes,No,No,Yes,No,Yes,léthargie;inappétence,Yes,Covid-19,No,No,No,No,Yes,3,No
VERD7_BC13,160,BA7,16.31,25,430838,394808,94.26,B.1,III,III,0.97,8,"241T,3037T,14408T,15324T,21990T,22053G,23403G,25433T,",Verdun,40,Yes,,No,Yes,No,Yes,No,Yes,No,No,douleur_abdominale,No,,No,No,No,No,No,,No
VERD12_BC15,98,BA8,23.12,35,420732,151752,50.45,B.1,XLIV,OTHER,0.88,14,"199GT,241T,3037T,10671C,13710A,18854T,19017T,19884C,23403G,25563T,29034T,29097T,",Verdun,40,Yes,,No,Yes,Yes,No,No,No,No,No,No,No,,No,No,No,No,No,,No
VERD7_BC14,242,BA9,13.99,25,291594,274054,91.57,B,II,II,0.96,14,"241T,475T,1042A,1059T,2819A,3037T,11611C,14408T,16877T,17483T,18394A,23403G,25563T,",Notre-Dame,30,Yes,,Yes,No,Yes,No,No,Yes,Yes,No,faiblesse;difficulté_respiratoire,No,,No,No,No,No,No,,No
VERD7_BC15,61,BB1,12.31,25,348970,335867,97.78,B.1.147,III,III,0.99,7,"241T,3037T,14408T,15324T,20283T,23403G,25433T,",Verdun,80,No,Yes,No,Yes,No,No,No,No,No,Yes,No,Yes,Other,No,No,No,No,Yes,2,No
VERD7_BC16,238,BB2,17.35,25,358025,333051,92.24,B.1,LVIII,OTHER,0.99,6,"512T,3037T,14408T,15324T,23403G,25433T,",Notre-Dame,60,Yes,,No,Yes,No,Yes,No,No,Yes,No,douleur_costale_bilatérale_légère,Yes,Covid-19,No,No,No,No,No,,No
VERD13_BC21,113,BB3,3.58,25,337537,329973,99.6,B.1.147,III,III,0.99,8,"241T,3037T,10747T,14408T,15324T,20578T,23403G,25433T,",Verdun,40,Yes,,No,Yes,No,Yes,No,No,No,No,frissons,No,,No,No,No,No,No,,No
VERD12_BC16,239,BB4,17.79,35,302389,264558,95.14,B.1,III,III,0.95,7,"241T,3037T,14408T,15324T,23403G,25433T,",Verdun,50,Yes,,No,No,No,Yes,No,No,No,No,mal_de_gorge,No,,No,No,No,No,No,,No
VERD12_BC17,180,BB5,19.47,35,479060,379582,89.74,B.1,III,III,0.86,7,"241T,3037T,14408T,23403G,25433T,",Verdun,,,,,,,,,,,,,,,,,,,,,
VERD12_BC18,92,BB6,20.2,35,463865,417244,98.69,B,III,III,0.9,8,"241T,3037T,14408T,23403G,",Verdun,50,Yes,,Yes,Yes,No,No,No,No,No,No,No,No,,No,No,No,No,No,,No
VERD7_BC17,45,BB7,9.88,25,467171,449344,99.6,B.1,III,III,0.85,8,"241T,3037T,14408T,15324T,23403G,25433T,",Verdun,90,No,Yes,Yes,Yes,No,No,No,No,No,No,No,Yes,Other,Yes,Yes,No,No,No,0,No
VERD12_BC19,236,BB8,23.51,35,239251,125499,55.15,B.1,XXXIX,OTHER,0.95,9,"241T,1021T,3037T,10578T,19446T,21353A,23403G,24739C,",Verdun,50,Yes,,Yes,No,Yes,No,No,No,Yes,Yes,faiblesse;diaphorèse,Yes,Covid-19,Yes,No,Yes,No,No,,No
VERD13_BC22,36,BB9,0,25,362292,350583,99.6,B.1.147,III,III,0.99,7,"241T,3037T,11138T,14408T,15324T,23403G,25433T,",Verdun,30,Yes,,Yes,No,Yes,No,No,No,No,No,diaphorèse;douleur_respiratoire;frissons,No,,No,No,No,No,No,0,No
VERD7_BC18,172,BC1,16.32,25,286058,255629,95.98,B.1,III,III,0.99,6,"241T,3037T,14408T,15324T,23403G,25433T,",Verdun,80,No,No,,,,,,,,,,Yes,Other,No,No,No,No,No,,No
VERD12_BC20,145,BC2,19.86,25,349513,296761,94.24,B,III,III,0.94,7,"241T,3037T,14408T,15324T,23403G,25433T,",Notre-Dame,20,Yes,,Yes,Yes,No,Yes,No,No,No,No,frissons;faiblesse,No,,No,No,No,No,No,,No
VERD7_BC19,85,BC3,14.36,25,332866,317589,95.98,B.1,III,III,0.98,6,"241T,3037T,14408T,15324T,23403G,25433T,",Verdun,50,Yes,,No,Yes,Yes,Yes,No,No,No,No,douleur_lombaire,No,,No,No,No,No,No,,No
VERD7_BC20,69,BC4,17.4,25,401949,355340,93.39,B.1,III,III,0.99,6,"241T,3037T,14408T,15324T,23403G,25433T,",Verdun,30,Yes,,No,Yes,No,No,No,No,No,No,No,No,,No,No,No,No,No,,No
VERD7_BC21,133,BC5,11.24,25,407861,393640,99.6,B.1,III,III,0.99,6,"241T,3037T,14408T,15324T,23403G,25433T,",Verdun,,,,,,,,,,,,,,,,,,,,,
VERD13_BC23,232,BC6,4.7,25,395552,385937,99.6,B.1,III,III,0.99,6,"241T,3037T,14408T,15324T,23403G,25433T,",Verdun,40,Yes,,No,Yes,Yes,No,No,No,No,No,rhinorrhée,No,,No,No,No,No,No,,No
VERD7_BC22,227,BC7,17.52,25,320995,299088,95.01,B.1,LVIII,OTHER,0.99,5,"3037T,14408T,15324T,23403G,25433T,",Verdun,30,Yes,,No,Yes,No,No,Yes,No,Yes,No,mal_de_gorge,No,,No,No,No,No,No,,No
VERD10_BC2,176,BC8,24.68,35,505563,446602,97.85,B.1.147,III,III,0.97,7,"241T,3037T,11138T,14408T,15324T,23403G,25433T,",Notre-Dame,40,Yes,,Yes,Yes,Yes,No,Yes,No,No,Yes,No,No,,No,No,No,No,No,,No
VERD13_BC11,100,BC9,20.6,35,581764,425336,92.48,B.1,III,III,0.92,6,"241T,3037T,11138T,14408T,23403G,",Verdun,,,,,,,,,,,,,,,,,,,,,
VERD13_BC12,205,BD1,20.73,35,171275,135551,84.48,B,III,III,0.96,6,"241T,3037T,14408T,23403G,25433T,",Verdun,,,,,,,,,,,,,,,,,,,,,
VERD13_BC13,205,BD2,20.77,35,147469,118912,82.5,B.1,III,III,0.95,6,"241T,3037T,11138T,14408T,23403G,25433T,",Verdun,,,,,,,,,,,,,,,,,,,,,
VERD13_BC14,159,BD3,22.71,35,432163,323279,85.92,B,IX,IX,0.81,10,"241T,3037T,14408T,23403G,27964T,",Notre-Dame,,,,,,,,,,,,,,,,,,,,,
VERD13_BC15,84,BD4,25.83,35,214949,165908,63.41,B,XXXIX,OTHER,0.86,10,"241T,3037T,7504CA,11335T,11335T,23403G,23923C,",Verdun,40,Yes,,No,Yes,No,No,No,No,No,No,mal_de_gorge,No,,No,No,No,No,No,,No
VERD7_BC23,146,BD5,14.01,25,385206,368436,97.78,B.1.147,III,III,0.99,7,"241T,3037T,14408T,15324T,23403G,25433T,26754A,",Notre-Dame,50,Yes,,No,Yes,Yes,No,No,No,Yes,No,inappétence,No,,No,No,No,No,No,,No
VERD13_BC16,241,BD6,19.8,35,389660,216561,77.32,B.1,III,III,0.95,8,"241T,3037T,11138T,14408T,15324T,23403G,25433T,",Verdun,10,No,No,,,,,,,,,,No,,No,No,No,No,No,,No